Sr. No,Title,from_page,to_page,in_book_start_page,in_book_end_page,content explanation,include_in_rag
1,Part 1 Table of Contents,2,5,ii,v,Index of all the sections,no
2,Part 1 Table of Figures,6,7,vi,vii,Figure Id and Figure location on the page(the page numbering in the book),no
3,Part 1 Table of Tables,8,8,viii,viii,Table Name and its location on the page (the page numbering in the book),no
4,Part 1 Table of Blue Boxes,9,9,ix,ix,A brief about the topic and its location on the page (the page numbering in the book),no
5,Preface,10,10,x,x,Not to be considered,no
6,Acknowledgments,11,13,xi,xiii,Not to be considered,no
7,1.0 Introduction,14,15,1,2,,yes
8,2.0 Fundamentals of Systems Engineering,16,31,3,18,,yes
9,3.0 NASA Program/Project Life Cycle ,32,62,19,49,,yes
10,4.0 System Design Processes ,63,101,50,88,,yes
11,5.0 Product Realization,102,143,89,130,,yes
12,6.0 Crosscutting Technical Management ,144,214,131,201,,yes
13,Appendix A: Acronyms ,215,219,202,206,All the acronyms used in the book,yes
14,Appendix B: Glossary,220,248,207,235,"Defination of the words mostly in tabular format. Each page the table has same heading mentioned as 'Term', 'Definition/Context'",yes
15,Appendix C: How to Write a Good Requirement - Checklist,249,252,236,239,How to write a good requirement ,yes
16,Appendix D: Requirements Verification Matrix,253,255,240,242,Describes about the matrix. Some description on first page followed by matrix(table) on rest of the pages,yes
17,"Appendix E: Creating the Validation Plan with a Validation
Requirements Matrix",256,257,243,244,Describes about the validation plan and requirement matrix. Some description on first page followed by matrix(table) on rest of the pages,yes
18,"Appendix F: Functional, Timing, and State Analysis",258,258,245,245,"Reference to Functional, Timing, and State Analysis",yes
19,Appendix G: Technology Assessment / Insertion,259,268,246,255,"Combination of image, text and table on doing 'Technology Assessment'",yes
20,Appendix H: Integration Plan Outline,269,271,256,258,Integration Plan Outline,yes
21,Appendix I: Verification and Validation Plan Outline,272,281,259,268, Verification and Validation Plan Outline,yes
22,Appendix J: SEMP Content Outline,282,295,269,283,"Combination of image, text and table on doing 'Technology Assessment'",yes
23,Appendix K: Technical Plans,296,296,283,283,Describes about the matrix. Some description on followed by matrix(table) on rest of the pages,yes
24,Appendix L: Interface Requirements Document Outline,297,299,284,286,Document Outline,yes
25,Appendix M: CM Plan Outline,300,300,287,288,Reference to CM Plan Outline,yes
26,Appendix N: Guidance on Technical Peer Reviews/Inspections,301,302,288,288,Refernce to Guidance on Technical Peer Reviews/Inspections,yes
27,Appendix P: SOW Review Checklist,303,303,290,290,Reference to  SOW Review Checklist,yes
28,Appendix R: HSI Plan Content Outline,305,313,292,300,HSI Plan Content Outline,yes
29,Appendix S: Concept of Operations Annotated Outline,314,317,301,304,Concept of Operations Annotated Outline,yes
30,Appendix T: Systems Engineering in Phase E,318,324,318,311,Systems Engineering in Phase E,yes
31,References Cited,325,336,312,323,References in each section of the chapters,no
32,Bibliography,337,356,324,343,"The bibliography contains sources cited in sections of the document and additional sources for
developing the material in the document.",no
